{"cameraMode":{"drawMode":0,"name":"Shaded","section":"Shading Mode"},"sceneLighting":false,"audioPlay":false,"sceneViewState":{"showFog":false,"showMaterialUpdate":false,"showSkybox":false,"showFlares":false,"showImageEffects":false,"showParticleSystems":false},"in2DMode":false,"pivot":{"x":-151.7529296875,"y":41.40362548828125,"z":231.63934326171876},"rotation":{"x":-0.07028552144765854,"y":0.9241472482681274,"z":-0.20744240283966065,"w":-0.31310805678367617},"size":488.94708251953127,"orthographic":false}