{"cameraMode":{"drawMode":0,"name":"Shaded","section":"Shading Mode"},"sceneLighting":false,"audioPlay":false,"sceneViewState":{"showFog":false,"showMaterialUpdate":false,"showSkybox":false,"showFlares":false,"showImageEffects":false,"showParticleSystems":false},"in2DMode":false,"pivot":{"x":-3.725290298461914e-9,"y":0.004604225978255272,"z":-0.002197999507188797},"rotation":{"x":-0.43471628427505495,"y":0.18858470022678376,"z":-0.09360422939062119,"w":-0.8756263852119446},"size":0.0482969731092453,"orthographic":false}