{"cameraMode":{"drawMode":0,"name":"Shaded","section":"Shading Mode"},"sceneLighting":false,"audioPlay":false,"sceneViewState":{"showFog":false,"showMaterialUpdate":false,"showSkybox":false,"showFlares":false,"showImageEffects":false,"showParticleSystems":false},"in2DMode":false,"pivot":{"x":-3.436032295227051,"y":0.8499999642372131,"z":3.380547523498535},"rotation":{"x":-0.04062812775373459,"y":0.9555537104606628,"z":-0.15794013440608979,"w":-0.24569439888000489},"size":2.830127239227295,"orthographic":false}