{"cameraMode":{"drawMode":0,"name":"Shaded","section":"Shading Mode"},"sceneLighting":false,"audioPlay":false,"sceneViewState":{"showFog":false,"showMaterialUpdate":false,"showSkybox":false,"showFlares":false,"showImageEffects":false,"showParticleSystems":false},"in2DMode":false,"pivot":{"x":-14.149999618530274,"y":0.7915312051773071,"z":-4.55152702331543},"rotation":{"x":0.293975830078125,"y":-0.6775116920471191,"z":0.34322497248649599,"w":0.5803419947624207},"size":1.7704664468765259,"orthographic":false}