{"cameraMode":{"drawMode":0,"name":"Shaded","section":"Shading Mode"},"sceneLighting":false,"audioPlay":false,"sceneViewState":{"showFog":false,"showMaterialUpdate":false,"showSkybox":false,"showFlares":false,"showImageEffects":false,"showParticleSystems":false},"in2DMode":false,"pivot":{"x":-3.5762786865234377e-7,"y":0.9425312280654907,"z":-0.2054770439863205},"rotation":{"x":-0.043587133288383487,"y":0.95297771692276,"z":-0.1663387566804886,"w":-0.2496095597743988},"size":1.5572810173034669,"orthographic":false}