{"cameraMode":{"drawMode":0,"name":"Shaded","section":"Shading Mode"},"sceneLighting":false,"audioPlay":false,"sceneViewState":{"showFog":false,"showMaterialUpdate":false,"showSkybox":false,"showFlares":false,"showImageEffects":false,"showParticleSystems":false},"in2DMode":false,"pivot":{"x":1.1920928955078126e-7,"y":1.0575058460235596,"z":0.017255425453186036},"rotation":{"x":-0.2274850755929947,"y":0.6259235739707947,"z":-0.19794437289237977,"w":-0.7192546725273132},"size":2.3229596614837648,"orthographic":false}