{"cameraMode":{"drawMode":0,"name":"Shaded","section":"Shading Mode"},"sceneLighting":false,"audioPlay":false,"sceneViewState":{"showFog":false,"showMaterialUpdate":false,"showSkybox":false,"showFlares":false,"showImageEffects":false,"showParticleSystems":false},"in2DMode":false,"pivot":{"x":1.1920928955078126e-7,"y":1.7861130237579346,"z":0.019152402877807618},"rotation":{"x":-0.03572472929954529,"y":0.9220257997512817,"z":-0.08767051994800568,"w":-0.37542062997817995},"size":3.2266623973846437,"orthographic":false}