{"cameraMode":{"drawMode":0,"name":"Shaded","section":"Shading Mode"},"sceneLighting":false,"audioPlay":false,"sceneViewState":{"showFog":false,"showMaterialUpdate":false,"showSkybox":false,"showFlares":false,"showImageEffects":false,"showParticleSystems":false},"in2DMode":false,"pivot":{"x":-0.015146017074584961,"y":0.054404258728027347,"z":-0.2017519474029541},"rotation":{"x":-0.21461334824562074,"y":0.7844458222389221,"z":-0.38914114236831667,"w":-0.43262821435928347},"size":2.36602520942688,"orthographic":false}