{"cameraMode":{"drawMode":0,"name":"Shaded","section":"Shading Mode"},"sceneLighting":false,"audioPlay":false,"sceneViewState":{"showFog":false,"showMaterialUpdate":false,"showSkybox":false,"showFlares":false,"showImageEffects":false,"showParticleSystems":false},"in2DMode":false,"pivot":{"x":-0.6135179996490479,"y":0.28040432929992678,"z":0.024937570095062257},"rotation":{"x":-0.18187066912651063,"y":0.7430402040481567,"z":-0.2237573117017746,"w":-0.6039462685585022},"size":3.0150439739227297,"orthographic":false}