{"cameraMode":{"drawMode":0,"name":"Shaded","section":"Shading Mode"},"sceneLighting":false,"audioPlay":false,"sceneViewState":{"showFog":false,"showMaterialUpdate":false,"showSkybox":false,"showFlares":false,"showImageEffects":false,"showParticleSystems":false},"in2DMode":false,"pivot":{"x":-2.1474788188934328,"y":0.24370324611663819,"z":2.242063283920288},"rotation":{"x":-0.0645105242729187,"y":0.8143700361251831,"z":-0.0922570750117302,"w":-0.5693830847740173},"size":1.7261848449707032,"orthographic":false}